<?xml version="1.0" encoding="utf-8"?>
<extension type="module" version="3.8" client="site" method="upgrade">
	<name>Module - Open Source</name>
	<author>Alexon Balangue</author>
	<creationDate>11 september 2018</creationDate>
	<copyright>Copyright (C) 2012-2018 Alexon Balangue.</copyright>
	<license>http://www.gnu.org/licenses/gpl-3.0.html GNU/GPL</license>
	<authorEmail>contacter@alexonbalangue.me</authorEmail>
	<authorUrl>www.alexonbalangue.me</authorUrl>
	<version>2.6</version>
	<description>MOD_OPENSOURCE_XML_DESC</description>
	<files>
		<filename module="mod_opensource">mod_opensource.php</filename>
		<filename>mod_opensource.xml</filename>
		<folder>tmpl</folder>
		<filename>index.html</filename>		
	</files>
	<languages>
		<language tag="en-GB">language/en-GB/en-GB.mod_opensource.ini</language>
		<language tag="fr-FR">language/fr-FR/fr-FR.mod_opensource.ini</language>
	</languages>
	
	<administration>
		<languages>
			<language tag="en-GB">language/en-GB/en-GB.mod_opensource.sys.ini</language>
			<language tag="fr-FR">language/fr-FR/fr-FR.mod_opensource.sys.ini</language>
		</languages>
	</administration>

	<config>
		<fields name="params">
			<fieldset name="basic">
				<field 
					name="html4or5"
					 type="radio" 
					default="1"
					label="HTML"
					description="JFIELD_MOD_OPENSOURCE_HTML">
						<option value="0">HTML4/4.1</option>
						<option value="1">HTML5</option>
				</field>
				<field 
					name="dnsprefetch_custom"
					type="text" 
					default=""
					label="JFIELD_MOD_OPENSOURCE_CDNCUSTOM_LABEL"
					description="JFIELD_MOD_OPENSOURCE_CDNCUSTOM_DESC"/>
				<field 
					type="spacer" 
					label="JFIELD_MOD_OPENSOURCE_MOREINFORMATION"
					description="Version" />				
			</fieldset>
			<fieldset name="plugin_lxw_site" label="Configuration">		
				<field 
					name="fontawesome-site"
					 type="list" 
					default="0"
					label="fontawesome"
					description="">
						<option value="0">JFIELD_MOD_OPENSOURCE_HIDE</option>
						<option value="1">fontawesme v5.3.1 (free)</option>
				</field>
				<field 
					name="popper-site"
					 type="list" 
					default="0"
					label="Popper.js"
					description="Version 1.14.4">
						<option value="0">JFIELD_MOD_OPENSOURCE_HIDE</option>
						<option value="1">Cloudflare CDN minified</option>
				</field>
				<field 
					name="holderjs-site"
					 type="list" 
					default="0"
					label="Holder.js"
					description="Version 2.9.4">
						<option value="0">JFIELD_MOD_OPENSOURCE_HIDE</option>
						<option value="1">Cloudflare CDN minified</option>
				</field>
				<field 
					name="jquery-site"
					 type="list" 
					default="0"
					label="Jquery"
					description="Version 3.3.1">
						<option value="0">JFIELD_MOD_OPENSOURCE_HIDE</option>
						<option value="1">Cloudflare CDN minified</option>
						<option value="2">Cloudflare CDN minified (Slim)</option>
				</field>
				<field 
					name="jqueryui-site"
					 type="list" 
					default="0"
					label="Jquery UI"
					description="Version 1.12.1">
						<option value="0">JFIELD_MOD_OPENSOURCE_HIDE</option>
						<option value="1">CloudFlare CDN minified</option>
				</field>
				<field 
					name="mootools-site"
					 type="radio" 
					default="0"
					label="Mootools"
					description="Version 1.6.0">
						<option value="0">JFIELD_MOD_OPENSOURCE_HIDE</option>
						<option value="1">CDN CloudFlare minified</option>
				</field>	
				<field 
					name="modernizr-site"
					 type="radio" 
					default="0"
					label="Modernizr"
					description="Version 2.8.3">
						<option value="0">JFIELD_MOD_OPENSOURCE_HIDE</option>
						<option value="1">Cloudflare CDN minified</option>
				</field>
				<field 
					name="jqueryeasingjs-site"
					 type="radio" 
					default="0"
					label="jquery.easing.js"
					description="Version 1.4.1">
						<option value="0">JFIELD_MOD_OPENSOURCE_HIDE</option>
						<option value="1">CDN Cloudflare minifield</option>
				</field>
				<field 
					name="angularjs-site"
					 type="radio" 
					default="0"
					label="angularjs"
					description="Version 1.7.4">
						<option value="0">JFIELD_MOD_OPENSOURCE_HIDE</option>
						<option value="1">CDN Google API minifield</option>
				</field>		
				<field 
					name="bootstrap-site"
					 type="list" 
					default="0"
					label="Bootstrap"
					description="Version 4.1.3">
						<option value="0">JFIELD_MOD_OPENSOURCE_HIDE</option>
						<option value="1">minified CDN CloudFlare (Bundle)</option>
						<option value="2">minified CDN CloudFlare (normal)</option>
				</field>	
				<field 
					name="MapBox-site"
					 type="list" 
					default="0"
					label="Map"
					description="Version 0.49.0">
						<option value="0">JFIELD_MOD_OPENSOURCE_HIDE</option>
						<option value="1">mapbox.com  (CDN minified) </option>
				</field>	
				<field 
					name="weather-icons-site"
					 type="list" 
					default="0"
					label="Weather icons"
					description="Version 2.0.9">
						<option value="0">JFIELD_MOD_OPENSOURCE_HIDE</option>
						<option value="1">minified CloudFlare CDN (icons)</option>
				</field>
				<field 
					name="typicons-site"
					 type="list" 
					default="0"
					label="Typicons"
					description="Version 2.0.9">
						<option value="0">JFIELD_MOD_OPENSOURCE_HIDE</option>
						<option value="1">minified CloudFlare CDN </option>
				</field>
			</fieldset>
			<fieldset name="effect-styles" label="Effect/effet">
				<field 
					name="animate-site"
					 type="list" 
					default="0"
					label="Animate.css"
					description="Version 3.7.0">
						<option value="0">JFIELD_MOD_OPENSOURCE_HIDE</option>
						<option value="1">CloudFlare CDN minified</option>
				</field>
				<field 
					name="wowjs-site"
					 type="list" 
					default="0"
					label="wow.js"
					description="Version 1.1.2">
						<option value="0">JFIELD_MOD_OPENSOURCE_HIDE</option>
						<option value="1">CloudFlare CDN minified</option>
				</field>
				<field 
					name="fancyBox-site"
					 type="list" 
					default="0"
					label="fancyBox"
					description="Version 3.5.2">
						<option value="0">JFIELD_MOD_OPENSOURCE_HIDE</option>
						<option value="1">CloudFlare CDN minified</option>
				</field>
				<field 
					name="countupjs-site"
					 type="list" 
					default="0"
					label="CountUp"
					description="Version 1.9.3">
						<option value="0">JFIELD_MOD_OPENSOURCE_HIDE</option>
						<option value="1">CloudFlare CDN minified</option>
				</field>
				<field 
					name="waypointsjs-site"
					 type="list" 
					default="0"
					label="waypoints"
					description="Version 4.0.1">
						<option value="0">JFIELD_MOD_OPENSOURCE_HIDE</option>
						<option value="1">CloudFlare CDN minified (Jquery)</option>
				</field>
				<field 
					name="parallaxjs-site"
					 type="list" 
					default="0"
					label="Parallax"
					description="Version 3.1.0">
						<option value="0">JFIELD_MOD_OPENSOURCE_HIDE</option>
						<option value="1">CloudFlare CDN minified (Jquery)</option>
				</field>
				<field 
					name="smoothjs-site"
					 type="list" 
					default="0"
					label="Smooth-Scroll"
					description="Version 14.2.1">
						<option value="0">JFIELD_MOD_OPENSOURCE_HIDE</option>
						<option value="1">CloudFlare CDN minified</option>
				</field>
			
			</fieldset>
			<fieldset name="iesupport-pre" label="IE Support">	
				<field 
					name="ie-site"
					 type="list" 
					default="0"
					label="html5shiv/respond"
					description="html5shiv Version 3.7.3">
						<option value="0">JFIELD_MOD_OPENSOURCE_HIDE</option>
						<option value="1">CloudFlare CDN minified (Prod)</option>
				</field>
			</fieldset>
			
			<fieldset name="advanced-pre" label="Prerender and prefetch support">
				<field 
					type="spacer" 
					label="prerender"
					description="Version" />
				<field 
					name="prerender-url"
					type="text" 
					default=""
					label="URL"
					description="Version" />
				<field 
					type="spacer" 
					label="prefetch"
					description="Version" />
				<field 
					name="prefetch-url"
					type="media" 
					default=""
					label="Image/CSS"
					description="JFIELD_MOD_OPENSOURCE_PREFETCH_DESC"
					directory="" />
				<field 
					type="spacer" 
					label="dns-prefetch"
					description="Version" />	
				<field 
					name="dnsprefetch_yoursite"
					type="radio" 
					default="0"
					label="JFIELD_MOD_OPENSOURCE_MYSITE"
					description="Version">
						<option value="0">JFIELD_MOD_OPENSOURCE_HIDE</option>
						<option value="1">JFIELD_MOD_OPENSOURCE_SHOW</option>
				</field>
				<field 
					name="dnsprefetch_googleapi"
					type="radio" 
					default="0"
					label="Google Ajax API Labs"
					description="Version">
						<option value="0">JFIELD_MOD_OPENSOURCE_HIDE</option>
						<option value="1">JFIELD_MOD_OPENSOURCE_SHOW</option>
				</field>
				<field 
					name="dnsprefetch_bootstrapcdn"
					type="radio" 
					default="0"
					label="BootStrap MaxCDN"
					description="Version">
						<option value="0">JFIELD_MOD_OPENSOURCE_HIDE</option>
						<option value="1">JFIELD_MOD_OPENSOURCE_SHOW</option>
				</field>
				<field 
					name="dnsprefetch_jquery"
					type="radio" 
					default="0"
					label="JQuery"
					description="Version">
						<option value="0">JFIELD_MOD_OPENSOURCE_HIDE</option>
						<option value="1">JFIELD_MOD_OPENSOURCE_SHOW</option>
				</field>
				<field 
					name="dnsprefetch_cdnjscloudflare"
					type="radio" 
					default="0"
					label="CloudFlare CDN JS"
					description="Version">
						<option value="0">JFIELD_MOD_OPENSOURCE_HIDE</option>
						<option value="1">JFIELD_MOD_OPENSOURCE_SHOW</option>
				</field>
				<field 
					name="dnsprefetch_aspnetcdn"
					type="radio" 
					default="0"
					label="ASPNet CDN"
					description="Version">
						<option value="0">JFIELD_MOD_OPENSOURCE_HIDE</option>
						<option value="1">JFIELD_MOD_OPENSOURCE_SHOW</option>
				</field>
			</fieldset>
		</fields>
	</config>
	<updateservers>
		<server type="collection" priority="1" name="Accredited by Alexon Balangue">https://jupdates.alexonbalangue.me/update/joomla/general.xml</server>
		<server type="extension" priority="2" name="Module - Open Source">https://jupdates.alexonbalangue.me/update/joomla/xml/mod_opensource.xml</server>
	</updateservers>
</extension>
